-- FragBase Seed Data
-- 50 perfumes + 5 users

-- Users
INSERT INTO users (id, email, password_hash, name, bio) VALUES ('b27773e3-bdb1-4b01-8854-f34a6b7d9fa0', 'maria@fragbase.com', '55a5e9e78207b4df8699d60886fa070079463547b095d1a05bc719bb4e6cd251', 'Maria Silva', 'Apaixonada por perfumes orientais e amadeirados. Colecionadora há 10 anos.');
INSERT INTO users (id, email, password_hash, name, bio) VALUES ('dd11fd70-974b-4c41-8e5c-b6f9615e362b', 'joao@fragbase.com', '55a5e9e78207b4df8699d60886fa070079463547b095d1a05bc719bb4e6cd251', 'João Santos', 'Perfumista amador. Prefiro fragrâncias cítricas e frescas.');
INSERT INTO users (id, email, password_hash, name, bio) VALUES ('87d17467-31d6-44e7-af65-602a8db98502', 'ana@fragbase.com', '55a5e9e78207b4df8699d60886fa070079463547b095d1a05bc719bb4e6cd251', 'Ana Costa', 'Adoro florais e gourmands! Sempre em busca do perfume perfeito.');
INSERT INTO users (id, email, password_hash, name, bio) VALUES ('75ac9e46-d3c7-4310-9c86-c3712e7f0ed6', 'pedro@fragbase.com', '55a5e9e78207b4df8699d60886fa070079463547b095d1a05bc719bb4e6cd251', 'Pedro Oliveira', 'Especialista em fragrâncias de nicho. Aventus é vida!');
INSERT INTO users (id, email, password_hash, name, bio) VALUES ('577baf00-5504-4733-8dd9-ad4e23f14404', 'carla@fragbase.com', '55a5e9e78207b4df8699d60886fa070079463547b095d1a05bc719bb4e6cd251', 'Carla Mendes', 'Minimalista: 5 perfumes essenciais no armário. Qualidade > quantidade.');

-- Perfumes
INSERT INTO perfumes (id, name, brand, year, type, notes_top, notes_heart, notes_base, description) VALUES ('a692ba71-8798-473c-8bd3-9c46c5650c7d', 'Sauvage', 'Dior', 2015, 'Eau de Toilette', 'Bergamota, Pimenta', 'Lavanda, Gerânio, Elemi', 'Ambroxan, Cedro, Labdanum', 'Um perfume masculino icônico com frescor amadeirado e especiado. Perfeito para uso diário.');
INSERT INTO perfumes (id, name, brand, year, type, notes_top, notes_heart, notes_base, description) VALUES ('88fbd040-3ea5-4dd6-a3f1-96d6b6057c8b', 'Bleu de Chanel', 'Chanel', 2010, 'Eau de Parfum', 'Limão, Hortelã, Toranja Rosa', 'Gengibre, Noz-moscada, Jasmim', 'Incenso, Cedro, Sândalo, Almíscar', 'Elegância atemporal em um frasco. Aromático amadeirado sofisticado.');
INSERT INTO perfumes (id, name, brand, year, type, notes_top, notes_heart, notes_base, description) VALUES ('d0458a6d-106e-4963-aa10-df16a8488645', 'Aventus', 'Creed', 2010, 'Eau de Parfum', 'Abacaxi, Bergamota, Maçã, Groselha Preta', 'Rosa, Bétula, Patchouli, Jasmim', 'Almíscar, Carvalho, Âmbar Cinza, Baunilha', 'A lenda. Frutado, amadeirado e elegante. Símbolo de sucesso e poder.');
INSERT INTO perfumes (id, name, brand, year, type, notes_top, notes_heart, notes_base, description) VALUES ('608af0f7-89fb-4f65-bded-cedd7b46907b', 'Light Blue', 'Dolce & Gabbana', 2001, 'Eau de Toilette', 'Limão Siciliano, Maçã, Cedro', 'Bambu, Jasmim, Rosa Branca', 'Cedro, Almíscar, Âmbar', 'Frescor mediterrâneo. Cítrico floral perfeito para o verão.');
INSERT INTO perfumes (id, name, brand, year, type, notes_top, notes_heart, notes_base, description) VALUES ('c2903067-93a1-4137-a658-a6eb85bf1eda', '1 Million', 'Paco Rabanne', 2008, 'Eau de Toilette', 'Toranja, Hortelã, Mandarina', 'Canela, Especiarias, Rosa', 'Âmbar, Couro, Patchouli, Madeira', 'Ousado e sensual. Especiado amadeirado com projeção impressionante.');
INSERT INTO perfumes (id, name, brand, year, type, notes_top, notes_heart, notes_base, description) VALUES ('609c0ea3-87ed-4790-beaa-d701c1f83de3', 'Acqua di Giò', 'Giorgio Armani', 1996, 'Eau de Toilette', 'Limão, Bergamota, Neroli, Tangerina', 'Jasmim, Calone, Pêssego, Fresia, Jacinto', 'Cedro, Almíscar, Musgo de Carvalho, Patchouli', 'Clássico aquático. Fresco, clean e versátil.');
INSERT INTO perfumes (id, name, brand, year, type, notes_top, notes_heart, notes_base, description) VALUES ('92d720bb-2939-4506-a404-2b05556cdc23', 'La Vie Est Belle', 'Lancôme', 2012, 'Eau de Parfum', 'Groselha Preta, Pera', 'Íris, Jasmim, Flor de Laranjeira', 'Patchouli, Baunilha, Pralinê, Tonka', 'Gourmand floral irresistível. Doce, elegante e feminino.');
INSERT INTO perfumes (id, name, brand, year, type, notes_top, notes_heart, notes_base, description) VALUES ('dd9f6987-74d7-4912-bb6d-bb8baa0a80d5', 'Black Opium', 'Yves Saint Laurent', 2014, 'Eau de Parfum', 'Pera, Flor de Laranjeira, Groselha Rosa', 'Café, Jasmim, Amêndoa Amarga, Alcaçuz', 'Baunilha, Patchouli, Cedro, Cássia', 'Viciante. Café doce com baunilha. Perfeito para a noite.');
INSERT INTO perfumes (id, name, brand, year, type, notes_top, notes_heart, notes_base, description) VALUES ('1e621241-d6fd-4c07-a9c2-52ca247f449d', 'Invictus', 'Paco Rabanne', 2013, 'Eau de Toilette', 'Toranja, Folhas de Louro, Mandarina', 'Jasmim, Folhas de Violeta', 'Âmbar Cinza, Guaiaco, Musgo de Carvalho, Patchouli', 'Esportivo e vibrante. Fresco amadeirado com toque marinho.');
INSERT INTO perfumes (id, name, brand, year, type, notes_top, notes_heart, notes_base, description) VALUES ('5e86c86a-f2ac-4712-9280-7951185e7037', 'Carolina Herrera Good Girl', 'Carolina Herrera', 2016, 'Eau de Parfum', 'Limão, Amêndoa, Café', 'Tuberosa, Jasmim Sambac, Flor de Laranjeira', 'Tonka, Cacau, Baunilha, Sândalo, Almíscar', 'Dualidade em um frasco. Doce, sensual e misterioso.');
INSERT INTO perfumes (id, name, brand, year, type, notes_top, notes_heart, notes_base, description) VALUES ('9e86558e-9c88-4cd1-b8cd-656a72805838', 'Eros', 'Versace', 2012, 'Eau de Toilette', 'Hortelã, Maçã Verde, Limão', 'Tonka, Gerânio, Ambroxan', 'Madagascar Vanilla, Vetiver, Musgo de Carvalho, Cedro da Virgínia', 'Paixão grega. Fresco, doce e sedutor.');
INSERT INTO perfumes (id, name, brand, year, type, notes_top, notes_heart, notes_base, description) VALUES ('56e60bac-4d63-4b43-b201-c993f525ed84', 'Chanel No. 5', 'Chanel', 1921, 'Eau de Parfum', 'Aldeídos, Ylang-Ylang, Neroli, Bergamota, Limão', 'Íris, Jasmim, Rosa, Lírio-do-vale', 'Civeta, Almíscar, Sândalo, Âmbar, Vetiver, Baunilha, Musgo', 'O perfume mais icônico do mundo. Elegância eterna.');
INSERT INTO perfumes (id, name, brand, year, type, notes_top, notes_heart, notes_base, description) VALUES ('fbfdce8d-c84d-43cc-ab91-84b310ef955c', 'JPG Le Male', 'Jean Paul Gaultier', 1995, 'Eau de Toilette', 'Lavanda, Hortelã, Cardamomo, Bergamota', 'Canela, Cumarina, Flor de Laranjeira', 'Baunilha, Tonka, Sândalo, Cedro', 'O marinheiro sensual. Lavanda baunilhada clássica.');
INSERT INTO perfumes (id, name, brand, year, type, notes_top, notes_heart, notes_base, description) VALUES ('aa1bd4a1-18e1-4a17-aa03-8f82a153e0fb', 'Alien', 'Thierry Mugler', 2005, 'Eau de Parfum', 'Jasmim Sambac', 'Jasmim Sambac, Caxemira, Âmbar', 'Madeira Branca, Âmbar', 'Intergaláctico. Jasmim potente e amadeirado.');
INSERT INTO perfumes (id, name, brand, year, type, notes_top, notes_heart, notes_base, description) VALUES ('b5ce6f3d-6eeb-4fe9-a90a-11d9ad1e7da8', 'Polo Blue', 'Ralph Lauren', 2003, 'Eau de Toilette', 'Melão, Pepino, Mandarina, Calone', 'Basílio, Sálvia, Gerânio', 'Almíscar, Patchouli, Madeiras, Âmbar', 'Aquático fresco. Perfeito para dias quentes.');
INSERT INTO perfumes (id, name, brand, year, type, notes_top, notes_heart, notes_base, description) VALUES ('7392b848-ed94-458f-b62e-6e9d67746bc3', 'Baccarat Rouge 540', 'Maison Francis Kurkdjian', 2015, 'Extrait de Parfum', 'Açafrão, Jasmim', 'Amberwood, Âmbar Cinza', 'Resina de Abeto, Cedro', 'Luxo em estado puro. Amadeirado floral âmbar hipnotizante.');
INSERT INTO perfumes (id, name, brand, year, type, notes_top, notes_heart, notes_base, description) VALUES ('fb65de00-5058-4d71-91cb-fefe8cdb3bd1', 'Gabrielle', 'Chanel', 2017, 'Eau de Parfum', 'Grapefruit, Mandarina', 'Flor de Laranjeira, Jasmim, Ylang-Ylang, Tuberosa', 'Almíscar, Sândalo, Caxemira', 'Floral solar radiante. Feminilidade moderna.');
INSERT INTO perfumes (id, name, brand, year, type, notes_top, notes_heart, notes_base, description) VALUES ('89c66c89-f0b0-4851-807b-437da6e63710', 'Dior Homme Intense', 'Dior', 2007, 'Eau de Parfum', 'Lavanda, Pera, Sálvia', 'Íris, Cedro da Virgínia', 'Vetiver, Couro, Almíscar', 'Íris empoeirada elegante. Sofisticação máxima.');
INSERT INTO perfumes (id, name, brand, year, type, notes_top, notes_heart, notes_base, description) VALUES ('5fe597b5-0bf3-4e62-8368-c40fcec63da0', 'Libre', 'Yves Saint Laurent', 2019, 'Eau de Parfum', 'Mandarina, Lavanda, Groselha Preta', 'Flor de Laranjeira, Jasmim, Lavanda', 'Madagascar Vanilla, Almíscar, Cedro, Âmbar Cinza', 'Liberdade feminina. Lavanda baunilhada moderna.');
INSERT INTO perfumes (id, name, brand, year, type, notes_top, notes_heart, notes_base, description) VALUES ('6a4b4535-7791-44d7-85ef-dbe2830a2fb1', 'Tom Ford Black Orchid', 'Tom Ford', 2006, 'Eau de Parfum', 'Trufa, Gardênia, Groselha Preta, Ylang-Ylang, Jasmim, Bergamota, Limão, Mandarina', 'Orquídea, Especiarias, Gardênia, Frutas, Ylang-Ylang', 'Chocolate, Patchouli, Baunilha, Incenso, Âmbar, Sândalo, Vetiver', 'Luxo obscuro. Oriental floral denso e misterioso.');
INSERT INTO perfumes (id, name, brand, year, type, notes_top, notes_heart, notes_base, description) VALUES ('547e4cc3-a6c2-4317-8f9b-660b01677aa8', 'Versace Dylan Blue', 'Versace', 2016, 'Eau de Toilette', 'Grapefruit, Bergamota, Figo, Folhas de Violeta', 'Papiro, Patchouli, Folhas de Violeta', 'Almíscar, Incenso, Tonka, Açafrão', 'Mediterrâneo moderno. Aromático fougère.');
INSERT INTO perfumes (id, name, brand, year, type, notes_top, notes_heart, notes_base, description) VALUES ('88c67618-a7d7-41ae-81a5-fa6f34098f9b', 'Prada Candy', 'Prada', 2011, 'Eau de Parfum', 'Caramelo', 'Almíscar, Benzoin', 'Baunilha', 'Doçura minimalista. Caramelo baunilhado viciante.');
INSERT INTO perfumes (id, name, brand, year, type, notes_top, notes_heart, notes_base, description) VALUES ('bfc3e62b-4a9d-4b57-aeed-b4ff7875519d', 'Montblanc Legend', 'Montblanc', 2011, 'Eau de Toilette', 'Lavanda, Pineapple, Bergamota, Lemon Verbena', 'Oak Moss, Geranium, Coumarin, Apple, Rose, Pomarosa', 'Sandalwood, Tonka Bean, Evernyl', 'Aromático fresco versátil. Dia a dia sofisticado.');
INSERT INTO perfumes (id, name, brand, year, type, notes_top, notes_heart, notes_base, description) VALUES ('48fa17dd-0d88-46fb-82fc-df2551a027f2', 'Calvin Klein CK One', 'Calvin Klein', 1994, 'Eau de Toilette', 'Limão, Bergamota, Cardamomo, Pineapple, Papaya', 'Hedione, Lírio-do-vale, Jasmim, Violeta, Rosa, Nutmeg', 'Âmbar, Almíscar, Cedro, Sândalo, Musgo de Carvalho', 'O unissex original. Clean e atemporal.');
INSERT INTO perfumes (id, name, brand, year, type, notes_top, notes_heart, notes_base, description) VALUES ('94feafae-7112-4e91-bcb5-0c61bd2ea9ee', 'Gucci Guilty', 'Gucci', 2010, 'Eau de Toilette', 'Limão, Pink Pepper, Mandarina', 'Geranium, Lilac, Peach', 'Patchouli, Amber', 'Rebelde e sensual. Oriental floral moderno.');
INSERT INTO perfumes (id, name, brand, year, type, notes_top, notes_heart, notes_base, description) VALUES ('84ca1df7-678e-472f-a446-fe105def9429', 'Burberry Brit', 'Burberry', 2003, 'Eau de Toilette', 'Lime, Pear, Almond', 'Candied Almond, Sugar, Peony, Vanilla', 'Amber, Tonka Bean, Mahogany, Vanilla', 'Doçura britânica. Gourmand aconchegante.');
INSERT INTO perfumes (id, name, brand, year, type, notes_top, notes_heart, notes_base, description) VALUES ('80202129-9245-4106-a4cc-500b2b892e37', 'Azzaro Pour Homme', 'Azzaro', 1978, 'Eau de Toilette', 'Lavanda, Anis, Basilico, Bergamota, Limão', 'Cardamomo, Cravo, Cedro, Iris, Vetiver, Patchouli, Sândalo', 'Almíscar, Âmbar, Couro, Musgo de Carvalho', 'Clássico aromático. Masculinidade atemporal.');
INSERT INTO perfumes (id, name, brand, year, type, notes_top, notes_heart, notes_base, description) VALUES ('8f081233-d947-4633-ada2-7bc14f4f6f09', 'Lancôme Hypnôse', 'Lancôme', 2005, 'Eau de Parfum', 'Passion Flower, Jasmim', 'Vetiver', 'Baunilha', 'Sedutor e misterioso. Floral amadeirado baunilhado.');
INSERT INTO perfumes (id, name, brand, year, type, notes_top, notes_heart, notes_base, description) VALUES ('05a016db-390c-4c8d-b2f5-b79c7805b1c6', 'Hugo Boss Bottled', 'Hugo Boss', 1998, 'Eau de Toilette', 'Maçã, Bergamota, Limão, Plum, Oak moss, Gerânio, Mahogany', 'Canela, Mahogany, Cravo', 'Baunilha, Sândalo, Cedro, Vetiver, Olive tree', 'Elegância corporativa. Amadeirado especiado.');
INSERT INTO perfumes (id, name, brand, year, type, notes_top, notes_heart, notes_base, description) VALUES ('0a03ecdb-6070-4dba-a31f-69737896d9e0', 'Narciso Rodriguez For Her', 'Narciso Rodriguez', 2003, 'Eau de Toilette', 'Flor de Laranjeira, Osmanthus', 'Âmbar, Almíscar, Patchouli', 'Baunilha, Vetiver', 'Sensualidade sutil. Almíscar floral icônico.');
INSERT INTO perfumes (id, name, brand, year, type, notes_top, notes_heart, notes_base, description) VALUES ('68462d86-099d-4e9e-bd36-e6a94ab906d1', 'Viktor & Rolf Flowerbomb', 'Viktor & Rolf', 2005, 'Eau de Parfum', 'Bergamota, Chá Verde, Osmanthus', 'Sambac Jasmine, Orchid, Freesia, Rosa', 'Patchouli, Almíscar', 'Explosão floral. Potente e feminino.');
INSERT INTO perfumes (id, name, brand, year, type, notes_top, notes_heart, notes_base, description) VALUES ('78cc0364-cfe4-4503-8685-043679b6ea87', 'Givenchy Gentleman', 'Givenchy', 2017, 'Eau de Parfum', 'Pera, Cardamomo, Lavanda', 'Íris, Gerânio', 'Patchouli, Couro, Baunilha, Tonka', 'Cavalheiro moderno. Aromático amadeirado elegante.');
INSERT INTO perfumes (id, name, brand, year, type, notes_top, notes_heart, notes_base, description) VALUES ('7ecb7c39-6c2b-4694-8d8e-fc31c081487d', 'Hermès Terre d''Hermès', 'Hermès', 2006, 'Eau de Toilette', 'Grapefruit, Laranja', 'Pimenta, Pelargonium, Flint', 'Vetiver, Cedro, Patchouli, Benzoin', 'Terra e céu. Amadeirado cítrico mineral.');
INSERT INTO perfumes (id, name, brand, year, type, notes_top, notes_heart, notes_base, description) VALUES ('f3ee1916-df26-41ae-9f07-ebc264ec5bd4', 'Armani Code', 'Giorgio Armani', 2004, 'Eau de Toilette', 'Limão, Bergamota', 'Flor de Laranjeira, Azeite, Star Anise', 'Tonka, Tabaco, Couro', 'Sedução cifrada. Oriental amadeirado misterioso.');
INSERT INTO perfumes (id, name, brand, year, type, notes_top, notes_heart, notes_base, description) VALUES ('6c1d04da-52e6-4aeb-bd1f-2e36ff908d6b', 'Valentino Donna Born in Roma', 'Valentino', 2019, 'Eau de Parfum', 'Blackcurrant, Bergamota', 'Jasmim, Baunilha', 'Bourbon Vanilla', 'Roma moderna. Floral gourmand vibrante.');
INSERT INTO perfumes (id, name, brand, year, type, notes_top, notes_heart, notes_base, description) VALUES ('997b1643-c738-414d-a7a7-be2c8d1803a6', 'Issey Miyake L''Eau d''Issey', 'Issey Miyake', 1992, 'Eau de Toilette', 'Lotus, Melon, Freesia, Cyclamen, Coriander, Rose Water', 'Peony, Lily, Carnation', 'Osmanthus, Tuberose, Amberseed, Cedarwood, Sandalwood, Musk', 'Água pura. Aquático floral minimalista.');
INSERT INTO perfumes (id, name, brand, year, type, notes_top, notes_heart, notes_base, description) VALUES ('c779d7a1-95a5-439d-90d0-397b5d56bbf0', 'Abercrombie & Fitch Fierce', 'Abercrombie & Fitch', 2002, 'Cologne', 'Lemon, Orange, Petitgrain, Cardamom, Fir', 'Rosemary, Jasmine, Rose, Lily-of-the-Valley', 'Musk, Oakmoss, Vetiver, Brazilian Rosewood', 'Confiança jovem. Fresco amadeirado icônico.');
INSERT INTO perfumes (id, name, brand, year, type, notes_top, notes_heart, notes_base, description) VALUES ('d26dee2c-32c2-4817-bc81-c15977e9f7e5', 'Chloé Eau de Parfum', 'Chloé', 2008, 'Eau de Parfum', 'Peony, Freesia, Lychee', 'Magnolia, Lily-of-the-Valley, Rose', 'Cedarwood, Amber', 'Feminilidade parisiense. Floral romântico.');
INSERT INTO perfumes (id, name, brand, year, type, notes_top, notes_heart, notes_base, description) VALUES ('134cac86-9866-4862-a645-86638fb7ea1a', 'Davidoff Cool Water', 'Davidoff', 1988, 'Eau de Toilette', 'Lavender, Mint, Coriander, Green Notes', 'Jasmine, Sandalwood, Neroli, Geranium', 'Cedarwood, Musk, Oakmoss, Tobacco, Amber', 'O aquático pioneiro. Fresco e clean.');
INSERT INTO perfumes (id, name, brand, year, type, notes_top, notes_heart, notes_base, description) VALUES ('750f4e6c-45ab-418b-8521-a1d1e94a03d8', 'Paco Rabanne Olympéa', 'Paco Rabanne', 2015, 'Eau de Parfum', 'Water Jasmine, Ginger Flower, Mandarin Orange, Green Tangerine', 'Salted Vanilla, Vanilla', 'Cashmere Wood, Sandalwood, Ambergris', 'Deusa moderna. Oriental floral salgado.');
INSERT INTO perfumes (id, name, brand, year, type, notes_top, notes_heart, notes_base, description) VALUES ('8c6e61d3-1631-4fd2-b55f-b3f058e90f16', 'Dior Sauvage Elixir', 'Dior', 2021, 'Elixir', 'Nutmeg, Cinnamon, Cardamom, Grapefruit', 'Lavender', 'Licorice, Sandalwood, Amber, Patchouli, Haitian Vetiver', 'Sauvage supremo. Especiado amadeirado intenso.');
INSERT INTO perfumes (id, name, brand, year, type, notes_top, notes_heart, notes_base, description) VALUES ('b1c37dc4-9050-4026-bf3d-00d5380e9904', 'Armaf Club De Nuit Intense', 'Armaf', 2015, 'Eau de Toilette', 'Lemon, Pineapple, Bergamot, Blackcurrant, Apple', 'Birch, Patchouli, Rose, Jasmine', 'Musk, Oakmoss, Ambergris, Vanilla', 'Alternativa acessível. Frutado amadeirado potente.');
INSERT INTO perfumes (id, name, brand, year, type, notes_top, notes_heart, notes_base, description) VALUES ('88ecd01a-96e0-48d5-b78f-dcf0e64d1591', 'Dolce & Gabbana The One', 'Dolce & Gabbana', 2006, 'Eau de Parfum', 'Bergamot, Mandarin Orange, Peach, Lychee', 'Lily, Plum, Jasmine, Lily-of-the-Valley', 'Vanilla, Musk, Amber, Vetiver', 'O único. Oriental floral elegante e sensual.');
INSERT INTO perfumes (id, name, brand, year, type, notes_top, notes_heart, notes_base, description) VALUES ('132d67d9-4309-4827-a5bc-00e107304135', 'Mancera Cedrat Boise', 'Mancera', 2011, 'Eau de Parfum', 'Citron, Blackcurrant, Spanish Labdanum', 'Fruits, Patchouli, Jasmine', 'Vanilla, White Musk, Sandalwood, Leather, Oakmoss', 'Nicho acessível. Cítrico amadeirado versátil.');
INSERT INTO perfumes (id, name, brand, year, type, notes_top, notes_heart, notes_base, description) VALUES ('a4863065-8bda-4301-a069-6ea3faafc971', 'Burberry Her', 'Burberry', 2018, 'Eau de Parfum', 'Sour Cherry, Blackberry, Strawberry, Raspberry, Mandarin Orange, Lemon', 'Violet, Jasmine', 'Vanilla, Amber, Dry Wood, Cashmeran, Musk', 'Londres vibrante. Frutas vermelhas gourmand.');
INSERT INTO perfumes (id, name, brand, year, type, notes_top, notes_heart, notes_base, description) VALUES ('db2d65b7-b138-44e1-8f1d-45eeb3ed3b17', 'Creed Silver Mountain Water', 'Creed', 1995, 'Eau de Parfum', 'Mandarin, Bergamot', 'Green Tea, Blackcurrant', 'Musk, Sandalwood', 'Alpes suíços. Aquático metálico fresco.');
INSERT INTO perfumes (id, name, brand, year, type, notes_top, notes_heart, notes_base, description) VALUES ('87ffc224-37f1-42d8-8ee3-99ba7550a43f', 'Memo Paris Irish Leather', 'Memo Paris', 2013, 'Eau de Parfum', 'Pink Pepper, Clary Sage, Juniper Berry', 'Leather, Mate', 'Tonka Bean, Amber, Musk', 'Irlanda selvagem. Couro verde único.');
INSERT INTO perfumes (id, name, brand, year, type, notes_top, notes_heart, notes_base, description) VALUES ('e1361306-74d4-4724-8785-8f96107af7e3', 'Maison Margiela Replica Jazz Club', 'Maison Margiela', 2013, 'Eau de Toilette', 'Pink Pepper, Primofiore Lemon, Neroli', 'Clary Sage, Java Vetiver Oil, Tobacco Leaf', 'Vanilla Bean, Styrax Resin, Cashmeran', 'Nova York anos 50. Tabaco baunilhado sofisticado.');
INSERT INTO perfumes (id, name, brand, year, type, notes_top, notes_heart, notes_base, description) VALUES ('5f3bfd36-c026-4537-bef5-eb14d51b923e', 'Parfums de Marly Layton', 'Parfums de Marly', 2016, 'Eau de Parfum', 'Apple, Lavender, Mandarin Orange, Bergamot', 'Geranium, Violet, Jasmine', 'Vanilla, Cardamom, Sandalwood, Pepper, Guaiac Wood, Patchouli', 'Realeza perfumada. Aromático baunilhado luxuoso.');

-- Reviews
INSERT INTO reviews (id, perfume_id, user_id, rating, longevity, performance, sillage, value, text) VALUES ('491d18bf-08de-4d74-be9d-f77d9a2717e7', 'a692ba71-8798-473c-8bd3-9c46c5650c7d', 'b27773e3-bdb1-4b01-8854-f34a6b7d9fa0', 4, 4, 4, 4, 4, 'Simplesmente perfeito! Uso diariamente.');
INSERT INTO reviews (id, perfume_id, user_id, rating, longevity, performance, sillage, value, text) VALUES ('ef191bb2-c7f1-442c-a840-8c8d70c58fb9', '88fbd040-3ea5-4dd6-a3f1-96d6b6057c8b', 'b27773e3-bdb1-4b01-8854-f34a6b7d9fa0', 4, 2, 4, 5, 3, 'Adorei a projeção e durabilidade. Vale cada centavo.');
INSERT INTO reviews (id, perfume_id, user_id, rating, longevity, performance, sillage, value, text) VALUES ('435350ca-31a6-47b4-9539-70801f13d430', 'd0458a6d-106e-4963-aa10-df16a8488645', 'b27773e3-bdb1-4b01-8854-f34a6b7d9fa0', 4, 2, 5, 5, 5, 'Muito bom para o verão, fresco e agradável.');
INSERT INTO reviews (id, perfume_id, user_id, rating, longevity, performance, sillage, value, text) VALUES ('cca1304c-8a8f-41d4-b9d0-3c979d400fac', '608af0f7-89fb-4f65-bded-cedd7b46907b', 'b27773e3-bdb1-4b01-8854-f34a6b7d9fa0', 5, 5, 4, 3, 3, 'Não é para mim, mas entendo quem gosta.');
INSERT INTO reviews (id, perfume_id, user_id, rating, longevity, performance, sillage, value, text) VALUES ('af2dc043-7613-4a53-808e-31c740b81ef9', 'c2903067-93a1-4137-a658-a6eb85bf1eda', 'b27773e3-bdb1-4b01-8854-f34a6b7d9fa0', 3, 2, 3, 5, 2, 'Obra-prima! Um dos melhores que já usei.');
INSERT INTO reviews (id, perfume_id, user_id, rating, longevity, performance, sillage, value, text) VALUES ('fe5be382-dc46-44ef-8868-4ab062f7e215', '609c0ea3-87ed-4790-beaa-d701c1f83de3', 'b27773e3-bdb1-4b01-8854-f34a6b7d9fa0', 3, 5, 3, 5, 2, 'Bom custo-benefício, recomendo.');
INSERT INTO reviews (id, perfume_id, user_id, rating, longevity, performance, sillage, value, text) VALUES ('798aaa1b-cbaf-4a16-8bd2-56633ea17543', '92d720bb-2939-4506-a404-2b05556cdc23', 'b27773e3-bdb1-4b01-8854-f34a6b7d9fa0', 3, 4, 5, 2, 2, 'Esperava mais... achei enjoativo.');
INSERT INTO reviews (id, perfume_id, user_id, rating, longevity, performance, sillage, value, text) VALUES ('851b1b36-c52a-4e12-95e7-536b5c753d31', 'dd9f6987-74d7-4912-bb6d-bb8baa0a80d5', 'b27773e3-bdb1-4b01-8854-f34a6b7d9fa0', 5, 2, 5, 2, 3, 'Clássico atemporal, nunca falha.');
INSERT INTO reviews (id, perfume_id, user_id, rating, longevity, performance, sillage, value, text) VALUES ('a350bf1e-25fc-48d7-87ca-e689e2f84be0', '1e621241-d6fd-4c07-a9c2-52ca247f449d', 'b27773e3-bdb1-4b01-8854-f34a6b7d9fa0', 5, 4, 3, 3, 3, 'Perfeito para ocasiões especiais.');
INSERT INTO reviews (id, perfume_id, user_id, rating, longevity, performance, sillage, value, text) VALUES ('7c7786cf-ac77-428c-bd5f-15ae5a1ae415', '5e86c86a-f2ac-4712-9280-7951185e7037', 'b27773e3-bdb1-4b01-8854-f34a6b7d9fa0', 4, 3, 3, 4, 5, 'Uso no dia a dia, muito versátil.');
INSERT INTO reviews (id, perfume_id, user_id, rating, longevity, performance, sillage, value, text) VALUES ('4237d4b2-37a9-412f-93bc-a5d862b534d0', '9e86558e-9c88-4cd1-b8cd-656a72805838', 'b27773e3-bdb1-4b01-8854-f34a6b7d9fa0', 3, 3, 4, 4, 4, 'Projeção insana! Cuidado com a quantidade.');
INSERT INTO reviews (id, perfume_id, user_id, rating, longevity, performance, sillage, value, text) VALUES ('285a1f77-7832-4d68-aaa7-78f19da84b93', '56e60bac-4d63-4b43-b201-c993f525ed84', 'b27773e3-bdb1-4b01-8854-f34a6b7d9fa0', 3, 5, 4, 5, 4, 'Sofisticado e elegante, adoro.');
INSERT INTO reviews (id, perfume_id, user_id, rating, longevity, performance, sillage, value, text) VALUES ('305de487-31ae-4c2d-9c61-586d23537713', 'fbfdce8d-c84d-43cc-ab91-84b310ef955c', 'b27773e3-bdb1-4b01-8854-f34a6b7d9fa0', 4, 5, 5, 5, 4, 'Não vale o preço, existem melhores.');
INSERT INTO reviews (id, perfume_id, user_id, rating, longevity, performance, sillage, value, text) VALUES ('b5115e30-ea9e-4c3a-b8cf-ef4ee4a3bc8d', 'aa1bd4a1-18e1-4a17-aa03-8f82a153e0fb', 'b27773e3-bdb1-4b01-8854-f34a6b7d9fa0', 3, 4, 4, 5, 3, 'Viciante! Não consigo parar de cheirar.');
INSERT INTO reviews (id, perfume_id, user_id, rating, longevity, performance, sillage, value, text) VALUES ('0004ac73-e410-4607-b488-d053b98c3c9d', '9e86558e-9c88-4cd1-b8cd-656a72805838', 'dd11fd70-974b-4c41-8e5c-b6f9615e362b', 4, 5, 3, 3, 5, 'Leve e discreto, gosto muito.');
INSERT INTO reviews (id, perfume_id, user_id, rating, longevity, performance, sillage, value, text) VALUES ('0d76c2d0-feae-4fa5-9184-e5ea7d9e1a70', '56e60bac-4d63-4b43-b201-c993f525ed84', 'dd11fd70-974b-4c41-8e5c-b6f9615e362b', 3, 3, 2, 2, 4, 'Simplesmente perfeito! Uso diariamente.');
INSERT INTO reviews (id, perfume_id, user_id, rating, longevity, performance, sillage, value, text) VALUES ('25ffb162-aa12-4132-83ba-daf2001c8350', 'fbfdce8d-c84d-43cc-ab91-84b310ef955c', 'dd11fd70-974b-4c41-8e5c-b6f9615e362b', 5, 4, 4, 3, 2, 'Adorei a projeção e durabilidade. Vale cada centavo.');
INSERT INTO reviews (id, perfume_id, user_id, rating, longevity, performance, sillage, value, text) VALUES ('d73449c0-ffd0-4de0-b0ab-7215cc8bacef', 'aa1bd4a1-18e1-4a17-aa03-8f82a153e0fb', 'dd11fd70-974b-4c41-8e5c-b6f9615e362b', 4, 3, 4, 3, 3, 'Muito bom para o verão, fresco e agradável.');
INSERT INTO reviews (id, perfume_id, user_id, rating, longevity, performance, sillage, value, text) VALUES ('a501a115-a9eb-45fe-b29b-f622cf8482e4', 'b5ce6f3d-6eeb-4fe9-a90a-11d9ad1e7da8', 'dd11fd70-974b-4c41-8e5c-b6f9615e362b', 3, 3, 4, 2, 4, 'Não é para mim, mas entendo quem gosta.');
INSERT INTO reviews (id, perfume_id, user_id, rating, longevity, performance, sillage, value, text) VALUES ('2221897a-d32d-48d9-9042-1b55f94832e7', '7392b848-ed94-458f-b62e-6e9d67746bc3', 'dd11fd70-974b-4c41-8e5c-b6f9615e362b', 3, 2, 4, 4, 4, 'Obra-prima! Um dos melhores que já usei.');
INSERT INTO reviews (id, perfume_id, user_id, rating, longevity, performance, sillage, value, text) VALUES ('2a934599-122c-4ec8-8778-f6a63269a659', 'fb65de00-5058-4d71-91cb-fefe8cdb3bd1', 'dd11fd70-974b-4c41-8e5c-b6f9615e362b', 5, 2, 3, 2, 2, 'Bom custo-benefício, recomendo.');
INSERT INTO reviews (id, perfume_id, user_id, rating, longevity, performance, sillage, value, text) VALUES ('d22f7834-9b6b-4f89-9d1b-936e7993fc5a', '89c66c89-f0b0-4851-807b-437da6e63710', 'dd11fd70-974b-4c41-8e5c-b6f9615e362b', 3, 4, 3, 4, 3, 'Esperava mais... achei enjoativo.');
INSERT INTO reviews (id, perfume_id, user_id, rating, longevity, performance, sillage, value, text) VALUES ('b9858bd4-1158-4815-829d-8ba2d3d83bdd', '5fe597b5-0bf3-4e62-8368-c40fcec63da0', 'dd11fd70-974b-4c41-8e5c-b6f9615e362b', 5, 2, 5, 3, 4, 'Clássico atemporal, nunca falha.');
INSERT INTO reviews (id, perfume_id, user_id, rating, longevity, performance, sillage, value, text) VALUES ('51036d2c-75fe-4672-9b99-965fbc7b64aa', '6a4b4535-7791-44d7-85ef-dbe2830a2fb1', 'dd11fd70-974b-4c41-8e5c-b6f9615e362b', 3, 5, 4, 2, 5, 'Perfeito para ocasiões especiais.');
INSERT INTO reviews (id, perfume_id, user_id, rating, longevity, performance, sillage, value, text) VALUES ('80d1ef30-aad2-489b-b2c3-77a2544616e0', '547e4cc3-a6c2-4317-8f9b-660b01677aa8', '87d17467-31d6-44e7-af65-602a8db98502', 4, 3, 3, 5, 5, 'Uso no dia a dia, muito versátil.');
INSERT INTO reviews (id, perfume_id, user_id, rating, longevity, performance, sillage, value, text) VALUES ('c948af8f-c89a-4d68-99b4-7a573afa2270', '88c67618-a7d7-41ae-81a5-fa6f34098f9b', '87d17467-31d6-44e7-af65-602a8db98502', 4, 4, 4, 2, 4, 'Projeção insana! Cuidado com a quantidade.');
INSERT INTO reviews (id, perfume_id, user_id, rating, longevity, performance, sillage, value, text) VALUES ('3a438428-c69b-43d0-8409-3a4a5da6942f', 'bfc3e62b-4a9d-4b57-aeed-b4ff7875519d', '87d17467-31d6-44e7-af65-602a8db98502', 4, 4, 2, 4, 4, 'Sofisticado e elegante, adoro.');
INSERT INTO reviews (id, perfume_id, user_id, rating, longevity, performance, sillage, value, text) VALUES ('02cf36f0-53b8-4fa1-a48b-76ea83535831', '48fa17dd-0d88-46fb-82fc-df2551a027f2', '87d17467-31d6-44e7-af65-602a8db98502', 5, 2, 3, 5, 5, 'Não vale o preço, existem melhores.');
INSERT INTO reviews (id, perfume_id, user_id, rating, longevity, performance, sillage, value, text) VALUES ('a80827d8-6f5b-4fef-adda-337281e34066', '94feafae-7112-4e91-bcb5-0c61bd2ea9ee', '87d17467-31d6-44e7-af65-602a8db98502', 4, 2, 4, 4, 3, 'Viciante! Não consigo parar de cheirar.');
INSERT INTO reviews (id, perfume_id, user_id, rating, longevity, performance, sillage, value, text) VALUES ('24f526a5-c7f2-4472-af01-9e1ddab2ace3', '84ca1df7-678e-472f-a446-fe105def9429', '87d17467-31d6-44e7-af65-602a8db98502', 5, 3, 3, 3, 2, 'Leve e discreto, gosto muito.');
INSERT INTO reviews (id, perfume_id, user_id, rating, longevity, performance, sillage, value, text) VALUES ('0d1dd58f-a54b-4d0f-8703-8096083b5557', '80202129-9245-4106-a4cc-500b2b892e37', '87d17467-31d6-44e7-af65-602a8db98502', 3, 5, 2, 5, 4, 'Simplesmente perfeito! Uso diariamente.');
INSERT INTO reviews (id, perfume_id, user_id, rating, longevity, performance, sillage, value, text) VALUES ('460ce201-3228-466e-8a58-5893b82da453', '8f081233-d947-4633-ada2-7bc14f4f6f09', '87d17467-31d6-44e7-af65-602a8db98502', 3, 2, 4, 4, 5, 'Adorei a projeção e durabilidade. Vale cada centavo.');
INSERT INTO reviews (id, perfume_id, user_id, rating, longevity, performance, sillage, value, text) VALUES ('f76f9496-ca2d-450b-bbd4-03c265a93f00', '05a016db-390c-4c8d-b2f5-b79c7805b1c6', '87d17467-31d6-44e7-af65-602a8db98502', 3, 5, 5, 3, 4, 'Muito bom para o verão, fresco e agradável.');
INSERT INTO reviews (id, perfume_id, user_id, rating, longevity, performance, sillage, value, text) VALUES ('d1e6f483-0e67-4271-b22f-a6ecbfdd9e87', '0a03ecdb-6070-4dba-a31f-69737896d9e0', '87d17467-31d6-44e7-af65-602a8db98502', 5, 2, 4, 4, 4, 'Não é para mim, mas entendo quem gosta.');
INSERT INTO reviews (id, perfume_id, user_id, rating, longevity, performance, sillage, value, text) VALUES ('3c68bed3-2735-45a2-b141-4de8e49cc1bc', '68462d86-099d-4e9e-bd36-e6a94ab906d1', '87d17467-31d6-44e7-af65-602a8db98502', 3, 3, 2, 5, 4, 'Obra-prima! Um dos melhores que já usei.');
INSERT INTO reviews (id, perfume_id, user_id, rating, longevity, performance, sillage, value, text) VALUES ('80a3e930-acaa-4869-a8a0-e757d3925b87', '78cc0364-cfe4-4503-8685-043679b6ea87', '87d17467-31d6-44e7-af65-602a8db98502', 3, 3, 4, 3, 4, 'Bom custo-benefício, recomendo.');
INSERT INTO reviews (id, perfume_id, user_id, rating, longevity, performance, sillage, value, text) VALUES ('58b88e06-427c-40f6-bf74-df4aea4af6f8', '68462d86-099d-4e9e-bd36-e6a94ab906d1', '75ac9e46-d3c7-4310-9c86-c3712e7f0ed6', 3, 4, 5, 2, 2, 'Esperava mais... achei enjoativo.');
INSERT INTO reviews (id, perfume_id, user_id, rating, longevity, performance, sillage, value, text) VALUES ('fafbef00-c77e-40a7-9807-0393e948064f', '78cc0364-cfe4-4503-8685-043679b6ea87', '75ac9e46-d3c7-4310-9c86-c3712e7f0ed6', 5, 5, 3, 2, 5, 'Clássico atemporal, nunca falha.');
INSERT INTO reviews (id, perfume_id, user_id, rating, longevity, performance, sillage, value, text) VALUES ('c5fe85af-1031-43dd-81fc-a9a378f4efac', '7ecb7c39-6c2b-4694-8d8e-fc31c081487d', '75ac9e46-d3c7-4310-9c86-c3712e7f0ed6', 3, 5, 3, 5, 3, 'Perfeito para ocasiões especiais.');
INSERT INTO reviews (id, perfume_id, user_id, rating, longevity, performance, sillage, value, text) VALUES ('d0d50e11-7701-4706-8bde-6753fe6274fc', 'f3ee1916-df26-41ae-9f07-ebc264ec5bd4', '75ac9e46-d3c7-4310-9c86-c3712e7f0ed6', 5, 2, 2, 2, 2, 'Uso no dia a dia, muito versátil.');
INSERT INTO reviews (id, perfume_id, user_id, rating, longevity, performance, sillage, value, text) VALUES ('073bedcd-6bb5-4ead-9c41-6c5e9f1949f2', '6c1d04da-52e6-4aeb-bd1f-2e36ff908d6b', '75ac9e46-d3c7-4310-9c86-c3712e7f0ed6', 4, 4, 2, 2, 3, 'Projeção insana! Cuidado com a quantidade.');
INSERT INTO reviews (id, perfume_id, user_id, rating, longevity, performance, sillage, value, text) VALUES ('a16c47a1-421c-41ba-a8c7-00a7294737b7', '997b1643-c738-414d-a7a7-be2c8d1803a6', '75ac9e46-d3c7-4310-9c86-c3712e7f0ed6', 5, 2, 3, 2, 2, 'Sofisticado e elegante, adoro.');
INSERT INTO reviews (id, perfume_id, user_id, rating, longevity, performance, sillage, value, text) VALUES ('6b023892-b438-4c61-bd6a-5c870cc21606', 'c779d7a1-95a5-439d-90d0-397b5d56bbf0', '75ac9e46-d3c7-4310-9c86-c3712e7f0ed6', 4, 2, 3, 3, 2, 'Não vale o preço, existem melhores.');
INSERT INTO reviews (id, perfume_id, user_id, rating, longevity, performance, sillage, value, text) VALUES ('db9148da-695b-4e02-b9bb-59a412c34a0c', 'd26dee2c-32c2-4817-bc81-c15977e9f7e5', '75ac9e46-d3c7-4310-9c86-c3712e7f0ed6', 5, 4, 2, 2, 5, 'Viciante! Não consigo parar de cheirar.');
INSERT INTO reviews (id, perfume_id, user_id, rating, longevity, performance, sillage, value, text) VALUES ('c5559c8e-65d7-455a-bfe5-3f0725a1f352', '134cac86-9866-4862-a645-86638fb7ea1a', '75ac9e46-d3c7-4310-9c86-c3712e7f0ed6', 4, 5, 3, 3, 4, 'Leve e discreto, gosto muito.');
INSERT INTO reviews (id, perfume_id, user_id, rating, longevity, performance, sillage, value, text) VALUES ('32d0a2d2-82ce-4dab-ac9d-7716ac8a21ca', '750f4e6c-45ab-418b-8521-a1d1e94a03d8', '75ac9e46-d3c7-4310-9c86-c3712e7f0ed6', 3, 4, 3, 3, 5, 'Simplesmente perfeito! Uso diariamente.');
INSERT INTO reviews (id, perfume_id, user_id, rating, longevity, performance, sillage, value, text) VALUES ('fa3e5882-893a-48a8-86ca-cb41bddf4257', '8c6e61d3-1631-4fd2-b55f-b3f058e90f16', '75ac9e46-d3c7-4310-9c86-c3712e7f0ed6', 4, 2, 5, 2, 5, 'Adorei a projeção e durabilidade. Vale cada centavo.');
INSERT INTO reviews (id, perfume_id, user_id, rating, longevity, performance, sillage, value, text) VALUES ('97e1075f-f1cb-4f64-ac06-3adf8e22c502', 'b1c37dc4-9050-4026-bf3d-00d5380e9904', '75ac9e46-d3c7-4310-9c86-c3712e7f0ed6', 3, 5, 2, 2, 2, 'Muito bom para o verão, fresco e agradável.');
INSERT INTO reviews (id, perfume_id, user_id, rating, longevity, performance, sillage, value, text) VALUES ('76355fc2-11ad-4775-9377-e4a5a7e0f8cc', '88ecd01a-96e0-48d5-b78f-dcf0e64d1591', '75ac9e46-d3c7-4310-9c86-c3712e7f0ed6', 4, 2, 4, 4, 5, 'Não é para mim, mas entendo quem gosta.');
INSERT INTO reviews (id, perfume_id, user_id, rating, longevity, performance, sillage, value, text) VALUES ('570ebea5-c0c7-4b98-a49a-a3f9336c92ea', '132d67d9-4309-4827-a5bc-00e107304135', '75ac9e46-d3c7-4310-9c86-c3712e7f0ed6', 4, 2, 2, 3, 4, 'Obra-prima! Um dos melhores que já usei.');
INSERT INTO reviews (id, perfume_id, user_id, rating, longevity, performance, sillage, value, text) VALUES ('1df3f173-8011-47fd-b252-6cc64ecd327a', '8c6e61d3-1631-4fd2-b55f-b3f058e90f16', '577baf00-5504-4733-8dd9-ad4e23f14404', 4, 2, 5, 3, 2, 'Bom custo-benefício, recomendo.');
INSERT INTO reviews (id, perfume_id, user_id, rating, longevity, performance, sillage, value, text) VALUES ('3f4d12c9-90b6-43e7-bda8-d68c97fdebc5', 'b1c37dc4-9050-4026-bf3d-00d5380e9904', '577baf00-5504-4733-8dd9-ad4e23f14404', 4, 5, 2, 5, 4, 'Esperava mais... achei enjoativo.');
INSERT INTO reviews (id, perfume_id, user_id, rating, longevity, performance, sillage, value, text) VALUES ('edf88ecd-c35a-446c-92a9-34171953c1ec', '88ecd01a-96e0-48d5-b78f-dcf0e64d1591', '577baf00-5504-4733-8dd9-ad4e23f14404', 5, 3, 2, 2, 4, 'Clássico atemporal, nunca falha.');
INSERT INTO reviews (id, perfume_id, user_id, rating, longevity, performance, sillage, value, text) VALUES ('e0d6a48f-665b-4aaa-b64c-f6ce0d6e5095', '132d67d9-4309-4827-a5bc-00e107304135', '577baf00-5504-4733-8dd9-ad4e23f14404', 3, 2, 4, 4, 5, 'Perfeito para ocasiões especiais.');
INSERT INTO reviews (id, perfume_id, user_id, rating, longevity, performance, sillage, value, text) VALUES ('a210aace-1ba3-4b0e-9166-59d4100ff9ea', 'a4863065-8bda-4301-a069-6ea3faafc971', '577baf00-5504-4733-8dd9-ad4e23f14404', 5, 3, 5, 2, 4, 'Uso no dia a dia, muito versátil.');
INSERT INTO reviews (id, perfume_id, user_id, rating, longevity, performance, sillage, value, text) VALUES ('115043ae-f9c1-4e5f-8eb6-a6f09b0171bb', 'db2d65b7-b138-44e1-8f1d-45eeb3ed3b17', '577baf00-5504-4733-8dd9-ad4e23f14404', 5, 2, 2, 2, 2, 'Projeção insana! Cuidado com a quantidade.');
INSERT INTO reviews (id, perfume_id, user_id, rating, longevity, performance, sillage, value, text) VALUES ('deeb87f9-c3ea-4cf9-811c-320a48127f68', '87ffc224-37f1-42d8-8ee3-99ba7550a43f', '577baf00-5504-4733-8dd9-ad4e23f14404', 5, 3, 2, 2, 3, 'Sofisticado e elegante, adoro.');
INSERT INTO reviews (id, perfume_id, user_id, rating, longevity, performance, sillage, value, text) VALUES ('862d1c34-991b-48da-b544-56c9002ce52d', 'e1361306-74d4-4724-8785-8f96107af7e3', '577baf00-5504-4733-8dd9-ad4e23f14404', 3, 5, 3, 2, 5, 'Não vale o preço, existem melhores.');
INSERT INTO reviews (id, perfume_id, user_id, rating, longevity, performance, sillage, value, text) VALUES ('b273cd79-2599-4275-b1b6-19da062d8ebc', '5f3bfd36-c026-4537-bef5-eb14d51b923e', '577baf00-5504-4733-8dd9-ad4e23f14404', 3, 4, 4, 5, 4, 'Viciante! Não consigo parar de cheirar.');

-- Follows
INSERT INTO follows (follower_id, followed_id) VALUES ('b27773e3-bdb1-4b01-8854-f34a6b7d9fa0', '87d17467-31d6-44e7-af65-602a8db98502');
INSERT INTO follows (follower_id, followed_id) VALUES ('b27773e3-bdb1-4b01-8854-f34a6b7d9fa0', '75ac9e46-d3c7-4310-9c86-c3712e7f0ed6');
INSERT INTO follows (follower_id, followed_id) VALUES ('b27773e3-bdb1-4b01-8854-f34a6b7d9fa0', '577baf00-5504-4733-8dd9-ad4e23f14404');
INSERT INTO follows (follower_id, followed_id) VALUES ('dd11fd70-974b-4c41-8e5c-b6f9615e362b', 'b27773e3-bdb1-4b01-8854-f34a6b7d9fa0');
INSERT INTO follows (follower_id, followed_id) VALUES ('dd11fd70-974b-4c41-8e5c-b6f9615e362b', '87d17467-31d6-44e7-af65-602a8db98502');
INSERT INTO follows (follower_id, followed_id) VALUES ('dd11fd70-974b-4c41-8e5c-b6f9615e362b', '75ac9e46-d3c7-4310-9c86-c3712e7f0ed6');
INSERT INTO follows (follower_id, followed_id) VALUES ('dd11fd70-974b-4c41-8e5c-b6f9615e362b', '577baf00-5504-4733-8dd9-ad4e23f14404');
INSERT INTO follows (follower_id, followed_id) VALUES ('87d17467-31d6-44e7-af65-602a8db98502', '577baf00-5504-4733-8dd9-ad4e23f14404');
INSERT INTO follows (follower_id, followed_id) VALUES ('75ac9e46-d3c7-4310-9c86-c3712e7f0ed6', 'b27773e3-bdb1-4b01-8854-f34a6b7d9fa0');
INSERT INTO follows (follower_id, followed_id) VALUES ('75ac9e46-d3c7-4310-9c86-c3712e7f0ed6', 'dd11fd70-974b-4c41-8e5c-b6f9615e362b');
INSERT INTO follows (follower_id, followed_id) VALUES ('75ac9e46-d3c7-4310-9c86-c3712e7f0ed6', '87d17467-31d6-44e7-af65-602a8db98502');
INSERT INTO follows (follower_id, followed_id) VALUES ('75ac9e46-d3c7-4310-9c86-c3712e7f0ed6', '577baf00-5504-4733-8dd9-ad4e23f14404');
INSERT INTO follows (follower_id, followed_id) VALUES ('577baf00-5504-4733-8dd9-ad4e23f14404', 'b27773e3-bdb1-4b01-8854-f34a6b7d9fa0');
INSERT INTO follows (follower_id, followed_id) VALUES ('577baf00-5504-4733-8dd9-ad4e23f14404', 'dd11fd70-974b-4c41-8e5c-b6f9615e362b');
INSERT INTO follows (follower_id, followed_id) VALUES ('577baf00-5504-4733-8dd9-ad4e23f14404', '87d17467-31d6-44e7-af65-602a8db98502');

-- Posts
INSERT INTO posts (id, user_id, perfume_id, text) VALUES ('2da9ba38-687c-485a-823b-e7ac6d154cf1', 'b27773e3-bdb1-4b01-8854-f34a6b7d9fa0', '6c1d04da-52e6-4aeb-bd1f-2e36ff908d6b', 'Acabei de descobrir este perfume incrível! 😍');
INSERT INTO posts (id, user_id, perfume_id, text) VALUES ('abcb3fe5-d2ab-44a7-8d15-7a4a37249571', 'b27773e3-bdb1-4b01-8854-f34a6b7d9fa0', NULL, 'Minha coleção cresceu mais um pouco hoje...');
INSERT INTO posts (id, user_id, perfume_id, text) VALUES ('4e8d5f62-2ecc-4506-8fc1-ddc185331015', 'dd11fd70-974b-4c41-8e5c-b6f9615e362b', NULL, 'Alguém já experimentou este? Vale a pena?');
INSERT INTO posts (id, user_id, perfume_id, text) VALUES ('4f0c70d7-8525-48c4-abaf-b11de1b32260', 'dd11fd70-974b-4c41-8e5c-b6f9615e362b', NULL, 'Meu perfume favorito para o inverno! ❄️');
INSERT INTO posts (id, user_id, perfume_id, text) VALUES ('7bdfa10d-445c-4667-aa22-9a61a0be678c', '87d17467-31d6-44e7-af65-602a8db98502', NULL, 'Este aqui é viciante, não consigo parar de usar! 🌸');
INSERT INTO posts (id, user_id, perfume_id, text) VALUES ('53f33b6f-9a57-48ae-8f9e-b55697ac23b5', '87d17467-31d6-44e7-af65-602a8db98502', NULL, 'Acabei de fazer um unboxing incrível!');
INSERT INTO posts (id, user_id, perfume_id, text) VALUES ('b0e54a56-5dec-4fb7-9117-86a8c9d3008b', '87d17467-31d6-44e7-af65-602a8db98502', '56e60bac-4d63-4b43-b201-c993f525ed84', 'Acabei de descobrir este perfume incrível! 😍');
INSERT INTO posts (id, user_id, perfume_id, text) VALUES ('b4b1a76f-31d6-402d-9642-049898d35dfa', '75ac9e46-d3c7-4310-9c86-c3712e7f0ed6', NULL, 'Nada supera um clássico bem feito.');
INSERT INTO posts (id, user_id, perfume_id, text) VALUES ('3aaf8bdf-a5c9-48ec-9cf2-f17f3ce6c414', '75ac9e46-d3c7-4310-9c86-c3712e7f0ed6', NULL, 'Procurando recomendações de perfumes frescos para o verão!');
INSERT INTO posts (id, user_id, perfume_id, text) VALUES ('c6092741-e6eb-427e-8980-c26da59b5272', '75ac9e46-d3c7-4310-9c86-c3712e7f0ed6', '997b1643-c738-414d-a7a7-be2c8d1803a6', 'Este aqui é viciante, não consigo parar de usar! 🌸');
INSERT INTO posts (id, user_id, perfume_id, text) VALUES ('273d30b5-a5bd-48c4-99cc-c74b7585eca0', '75ac9e46-d3c7-4310-9c86-c3712e7f0ed6', NULL, 'Acabei de fazer um unboxing incrível!');
INSERT INTO posts (id, user_id, perfume_id, text) VALUES ('d6424386-31ec-4a76-96ce-e21743d7ee7b', '577baf00-5504-4733-8dd9-ad4e23f14404', NULL, 'Acabei de descobrir este perfume incrível! 😍');
INSERT INTO posts (id, user_id, perfume_id, text) VALUES ('e5b8e9c5-054b-496c-a34c-8ff8b7bc3340', '577baf00-5504-4733-8dd9-ad4e23f14404', NULL, 'Minha coleção cresceu mais um pouco hoje...');
INSERT INTO posts (id, user_id, perfume_id, text) VALUES ('9603e7db-202a-4e5c-83e7-5fb1f3174495', '577baf00-5504-4733-8dd9-ad4e23f14404', NULL, 'Alguém já experimentou este? Vale a pena?');
INSERT INTO posts (id, user_id, perfume_id, text) VALUES ('26a93ea3-f452-41a5-8f8f-863ff3a8ff22', '577baf00-5504-4733-8dd9-ad4e23f14404', NULL, 'Meu perfume favorito para o inverno! ❄️');

